{
  "_id" : "58ff3afd4d72b137c37c50cc",
  "actor" : {
    "formattedName" : "Demo User",
    "associateOID" : "G3E1YK2CJPWBY6JN",
    "organizationOID" : "G3E1YK2CJPWBE19B",
    "applicationID" : {
      "idValue" : "JUDNDBDH6666"
    }
  },
  "invitation" : {
    "creationDateTime" : "2017-04-21T12:03:09.509Z",
    "dueDateTime" : "2017-04-30T12:03:09.509Z",
    "reminder" : {
      "dateTime" : 1493118479743.0,
      "isSend" : false
    },
    "invitationLabel" : "test1",
    "invitationMessage" : "test",
    "invitationEmail" : {
      "body" : "<!doctype html>\n<html xmlns=\"http://www.w3.org/1999/xhtml\" xmlns:v=\"urn:schemas-microsoft-com:vml\" xmlns:o=\"urn:schemas-microsoft-com:office:office\">\n<head>\n    <!-- NAME: 1 COLUMN -->\n    <!--[if gte mso 15]>\n    <xml>\n        <o:OfficeDocumentSettings>\n            <o:AllowPNG />\n            <o:PixelsPerInch>96</o:PixelsPerInch>\n        </o:OfficeDocumentSettings>\n    </xml>\n    <![endif]-->\n    <meta charset=\"UTF-8\">\n    <meta http-equiv=\"X-UA-Compatible\" content=\"IE=edge\">\n    <meta name=\"viewport\" content=\"width=device-width, initial-scale=1\">\n    <title>Access Request from CPA Sample Firm</title>\n\n    <style type=\"text/css\">\n        p {\n            margin: 10px 0;\n            padding: 0;\n        }\n\n        table {\n            border-collapse: collapse;\n        }\n\n        img, a img {\n            border: 0;\n            height: auto;\n            outline: none;\n            text-decoration: none;\n        }\n\n        body, #bodyTable, #bodyCell {\n            height: 100%;\n            margin: 0;\n            padding: 0;\n            width: 100%;\n        }\n\n        #outlook a {\n            padding: 0;\n        }\n\n        img {\n            -ms-interpolation-mode: bicubic;\n        }\n\n        table {\n            mso-table-lspace: 0pt;\n            mso-table-rspace: 0pt;\n        }\n\n        .ReadMsgBody {\n            width: 100%;\n        }\n\n        .ExternalClass {\n            width: 100%;\n        }\n\n        p, a, li, td, blockquote {\n            mso-line-height-rule: exactly;\n        }\n\n        a[href^=tel], a[href^=sms] {\n            color: inherit;\n            cursor: default;\n            text-decoration: none;\n        }\n\n        p, a, li, td, body, table, blockquote {\n            -ms-text-size-adjust: 100%;\n            -webkit-text-size-adjust: 100%;\n        }\n\n        .ExternalClass, .ExternalClass p, .ExternalClass td, .ExternalClass div, .ExternalClass span, .ExternalClass font {\n            line-height: 100%;\n        }\n\n        a[x-apple-data-detectors] {\n            color: inherit !important;\n            text-decoration: none !important;\n            font-size: inherit !important;\n            font-family: inherit !important;\n            font-weight: inherit !important;\n            line-height: inherit !important;\n        }\n\n        #bodyCell {\n            padding: 10px;\n        }\n\n        .templateContainer {\n            max-width: 600px !important;\n        }\n\n        a.mcnButton {\n            display: block;\n        }\n\n        .mcnImage {\n            vertical-align: bottom;\n        }\n\n        .mcnTextContent {\n            word-break: break-word;\n        }\n\n        .mcnTextContent img {\n            height: auto !important;\n        }\n\n        .mcnDividerBlock {\n            table-layout: fixed !important;\n        }\n\n        /*\n        @tab Page\n        @section Background Style\n        @tip Set the background color and top border for your email. You may want to choose colors that match your company's branding.\n        */\n        body, #bodyTable {\n            /*@editable*/\n            background-color: #FAFAFA;\n        }\n\n        /*\n        @tab Page\n        @section Background Style\n        @tip Set the background color and top border for your email. You may want to choose colors that match your company's branding.\n        */\n        #bodyCell {\n            /*@editable*/\n            border-top: 0;\n        }\n\n        /*\n        @tab Page\n        @section Email Border\n        @tip Set the border for your email.\n        */\n        .templateContainer {\n            /*@editable*/\n            border: 0;\n        }\n\n        #templatePreheader {\n            /*@editable*/\n            background-color: #fafafa;\n            /*@editable*/\n            background-image: none;\n            /*@editable*/\n            background-repeat: no-repeat;\n            /*@editable*/\n            background-position: center;\n            /*@editable*/\n            background-size: cover;\n            /*@editable*/\n            border-top: 0;\n            /*@editable*/\n            border-bottom: 0;\n            /*@editable*/\n            padding-top: 9px;\n            /*@editable*/\n            padding-bottom: 10px;\n        }\n\n        /*\n        @tab Preheader\n        @section Preheader Text\n        @tip Set the styling for your email's preheader text. Choose a size and color that is easy to read.\n        */\n        #templatePreheader .mcnTextContent, #templatePreheader .mcnTextContent p {\n            /*@editable*/\n            color: #656565;\n            /*@editable*/\n            font-family: Helvetica;\n            /*@editable*/\n            font-size: 12px;\n            /*@editable*/\n            line-height: 150%;\n            /*@editable*/\n            text-align: left;\n        }\n\n        /*\n        @tab Preheader\n        @section Preheader Link\n        @tip Set the styling for your email's preheader links. Choose a color that helps them stand out from your text.\n        */\n        #templatePreheader .mcnTextContent a, #templatePreheader .mcnTextContent p a {\n            /*@editable*/\n            color: #656565;\n            /*@editable*/\n            font-weight: normal;\n            /*@editable*/\n            text-decoration: underline;\n        }\n\n        /*\n        @tab Header\n        @section Header Style\n        @tip Set the background color and borders for your email's header area.\n        */\n        #templateHeader {\n            /*@editable*/\n            background-color: #ffffff;\n            /*@editable*/\n            background-image: none;\n            /*@editable*/\n            background-repeat: no-repeat;\n            /*@editable*/\n            background-position: center;\n            /*@editable*/\n            background-size: cover;\n            /*@editable*/\n            border-top: 0;\n            /*@editable*/\n            border-bottom: 0;\n            /*@editable*/\n            padding-top: 0px;\n            /*@editable*/\n            padding-bottom: 0;\n        }\n\n        /*\n        @tab Header\n        @section Header Text\n        @tip Set the styling for your email's header text. Choose a size and color that is easy to read.\n        */\n        #templateHeader .mcnTextContent, #templateHeader .mcnTextContent p {\n            /*@editable*/\n            color: #202020;\n            /*@editable*/\n            font-family: Helvetica;\n            /*@editable*/\n            font-size: 16px;\n            /*@editable*/\n            line-height: 150%;\n            /*@editable*/\n            text-align: left;\n        }\n\n        /*\n        @tab Header\n        @section Header Link\n        @tip Set the styling for your email's header links. Choose a color that helps them stand out from your text.\n        */\n        #templateHeader .mcnTextContent a, #templateHeader .mcnTextContent p a {\n            /*@editable*/\n            color: #2BAADF;\n            /*@editable*/\n            font-weight: normal;\n            /*@editable*/\n            text-decoration: underline;\n        }\n\n        /*\n        @tab Body\n        @section Body Style\n        @tip Set the background color and borders for your email's body area.\n        */\n        #templateBody {\n            /*@editable*/\n            background-color: #ffffff;\n            /*@editable*/\n            background-image: none;\n            /*@editable*/\n            background-repeat: no-repeat;\n            /*@editable*/\n            background-position: center;\n            /*@editable*/\n            background-size: cover;\n            /*@editable*/\n            border-top: 0;\n            /*@editable*/\n            border-bottom: 2px none #EAEAEA;\n            /*@editable*/\n            padding-top: 20px;\n            /*@editable*/\n            padding-bottom: 10px;\n        }\n\n        /*\n        @tab Body\n        @section Body Text\n        @tip Set the styling for your email's body text. Choose a size and color that is easy to read.\n        */\n        #templateBody .mcnTextContent, #templateBody .mcnTextContent p {\n            /*@editable*/\n            color: #202020;\n            /*@editable*/\n            font-family: Helvetica;\n            /*@editable*/\n            font-size: 12px;\n            /*@editable*/\n            line-height: 150%;\n            /*@editable*/\n            text-align: left;\n        }\n\n        /*\n        @tab Body\n        @section Body Link\n        @tip Set the styling for your email's body links. Choose a color that helps them stand out from your text.\n        */\n        #templateBody .mcnTextContent a, #templateBody .mcnTextContent p a {\n            /*@editable*/\n            color: #2BAADF;\n            /*@editable*/\n            font-weight: normal;\n            /*@editable*/\n            text-decoration: underline;\n        }\n\n        /*\n        @tab Footer\n        @section Footer Style\n        @tip Set the background color and borders for your email's footer area.\n        */\n        #templateFooter {\n            /*@editable*/\n            background-color: #fafafa;\n            /*@editable*/\n            background-image: none;\n            /*@editable*/\n            background-repeat: no-repeat;\n            /*@editable*/\n            background-position: center;\n            /*@editable*/\n            background-size: cover;\n            /*@editable*/\n            border-top: 0;\n            /*@editable*/\n            border-bottom: 0;\n            /*@editable*/\n            padding-top: 9px;\n            /*@editable*/\n            padding-bottom: 9px;\n        }\n\n        /*\n        @tab Footer\n        @section Footer Text\n        @tip Set the styling for your email's footer text. Choose a size and color that is easy to read.\n        */\n        #templateFooter .mcnTextContent, #templateFooter .mcnTextContent p {\n            /*@editable*/\n            color: #656565;\n            /*@editable*/\n            font-family: Helvetica;\n            /*@editable*/\n            font-size: 11px;\n            /*@editable*/\n            line-height: 150%;\n            /*@editable*/\n            text-align: center;\n        }\n\n        /*\n        @tab Footer\n        @section Footer Link\n        @tip Set the styling for your email's footer links. Choose a color that helps them stand out from your text.\n        */\n        #templateFooter .mcnTextContent a, #templateFooter .mcnTextContent p a {\n            /*@editable*/\n            color: #656565;\n            /*@editable*/\n            font-weight: normal;\n            /*@editable*/\n            text-decoration: underline;\n        }\n\n        @media only screen and (min-width: 768px) {\n            .templateContainer {\n                width: 600px !important;\n            }\n\n        }\n\n        @media only screen and (max-width: 480px) {\n            body, table, td, p, a, li, blockquote {\n                -webkit-text-size-adjust: none !important;\n            }\n\n        }\n\n        @media only screen and (max-width: 480px) {\n            body {\n                width: 100% !important;\n                min-width: 100% !important;\n            }\n\n        }\n\n        @media only screen and (max-width: 480px) {\n            #bodyCell {\n                padding-top: 10px !important;\n            }\n\n        }\n\n        @media only screen and (max-width: 480px) {\n            .mcnImage {\n                width: 100% !important;\n            }\n\n        }\n\n        @media only screen and (max-width: 480px) {\n            .mcnCartContainer, .mcnCaptionTopContent, .mcnRecContentContainer, .mcnCaptionBottomContent, .mcnTextContentContainer, .mcnBoxedTextContentContainer, .mcnImageGroupContentContainer, .mcnCaptionLeftTextContentContainer, .mcnCaptionRightTextContentContainer, .mcnCaptionLeftImageContentContainer, .mcnCaptionRightImageContentContainer, .mcnImageCardLeftTextContentContainer, .mcnImageCardRightTextContentContainer {\n                max-width: 100% !important;\n                width: 100% !important;\n            }\n\n        }\n\n        @media only screen and (max-width: 480px) {\n            .mcnBoxedTextContentContainer {\n                min-width: 100% !important;\n            }\n\n        }\n\n        @media only screen and (max-width: 480px) {\n            .mcnImageGroupContent {\n                padding: 9px !important;\n            }\n\n        }\n\n        @media only screen and (max-width: 480px) {\n            .mcnCaptionLeftContentOuter .mcnTextContent, .mcnCaptionRightContentOuter .mcnTextContent {\n                padding-top: 9px !important;\n            }\n\n        }\n\n        @media only screen and (max-width: 480px) {\n            .mcnImageCardTopImageContent, .mcnCaptionBlockInner .mcnCaptionTopContent:last-child .mcnTextContent {\n                padding-top: 18px !important;\n            }\n\n        }\n\n        @media only screen and (max-width: 480px) {\n            .mcnImageCardBottomImageContent {\n                padding-bottom: 9px !important;\n            }\n\n        }\n\n        @media only screen and (max-width: 480px) {\n            .mcnImageGroupBlockInner {\n                padding-top: 0 !important;\n                padding-bottom: 0 !important;\n            }\n\n        }\n\n        @media only screen and (max-width: 480px) {\n            .mcnImageGroupBlockOuter {\n                padding-top: 9px !important;\n                padding-bottom: 9px !important;\n            }\n\n        }\n\n        @media only screen and (max-width: 480px) {\n            .mcnTextContent, .mcnBoxedTextContentColumn {\n                padding-right: 18px !important;\n                padding-left: 18px !important;\n            }\n\n        }\n\n        @media only screen and (max-width: 480px) {\n            .mcnImageCardLeftImageContent, .mcnImageCardRightImageContent {\n                padding-right: 18px !important;\n                padding-bottom: 0 !important;\n                padding-left: 18px !important;\n            }\n\n        }\n\n        @media only screen and (max-width: 480px) {\n            /*\n            @tab Mobile Styles\n            @section Boxed Text\n            @tip Make the boxed text larger in size for better readability on small screens. We recommend a font size of at least 16px.\n            */\n            .mcnBoxedTextContentContainer .mcnTextContent, .mcnBoxedTextContentContainer .mcnTextContent p {\n                /*@editable*/\n                font-size: 14px !important;\n                /*@editable*/\n                line-height: 150% !important;\n            }\n\n        }\n\n        @media only screen and (max-width: 480px) {\n            /*\n            @tab Mobile Styles\n            @section Preheader Visibility\n            @tip Set the visibility of the email's preheader on small screens. You can hide it to save space.\n            */\n            #templatePreheader {\n                /*@editable*/\n                display: block !important;\n            }\n\n        }\n\n        @media only screen and (max-width: 480px) {\n            /*\n            @tab Mobile Styles\n            @section Preheader Text\n            @tip Make the preheader text larger in size for better readability on small screens.\n            */\n            #templatePreheader .mcnTextContent, #templatePreheader .mcnTextContent p {\n                /*@editable*/\n                font-size: 14px !important;\n                /*@editable*/\n                line-height: 150% !important;\n            }\n\n        }\n\n        @media only screen and (max-width: 480px) {\n            /*\n            @tab Mobile Styles\n            @section Header Text\n            @tip Make the header text larger in size for better readability on small screens.\n            */\n            #templateHeader .mcnTextContent, #templateHeader .mcnTextContent p {\n                /*@editable*/\n                font-size: 16px !important;\n                /*@editable*/\n                line-height: 150% !important;\n            }\n\n        }\n\n        @media only screen and (max-width: 480px) {\n            /*\n            @tab Mobile Styles\n            @section Body Text\n            @tip Make the body text larger in size for better readability on small screens. We recommend a font size of at least 16px.\n            */\n            #templateBody .mcnTextContent, #templateBody .mcnTextContent p {\n                /*@editable*/\n                font-size: 16px !important;\n                /*@editable*/\n                line-height: 150% !important;\n            }\n\n        }\n\n        @media only screen and (max-width: 480px) {\n            /*\n            @tab Mobile Styles\n            @section Footer Text\n            @tip Make the footer content text larger in size for better readability on small screens.\n            */\n            #templateFooter .mcnTextContent, #templateFooter .mcnTextContent p {\n                /*@editable*/\n                font-size: 14px !important;\n                /*@editable*/\n                line-height: 150% !important;\n            }\n\n        }</style>\n</head>\n<body>\n<center>\n    <table align=\"center\" border=\"0\" cellpadding=\"0\" cellspacing=\"0\" height=\"100%\" width=\"100%\" id=\"bodyTable\">\n        <tr>\n            <td align=\"center\" valign=\"top\" id=\"bodyCell\">\n                <!-- BEGIN TEMPLATE // -->\n                <!--[if gte mso 9]>\n                <table align=\"center\" border=\"0\" cellspacing=\"0\" cellpadding=\"0\" width=\"600\" style=\"width:600px;\">\n                    <tr>\n                        <td align=\"center\" valign=\"top\" width=\"600\" style=\"width:600px;\">\n                <![endif]-->\n                <table border=\"0\" cellpadding=\"0\" cellspacing=\"0\" width=\"100%\" class=\"templateContainer\">\n                    <tr>\n                        <td valign=\"top\" id=\"templatePreheader\">\n                            <table border=\"0\" cellpadding=\"0\" cellspacing=\"0\" width=\"100%\" class=\"mcnImageBlock\" style=\"min-width:100%;\">\n                                <tbody class=\"mcnImageBlockOuter\">\n                                <tr>\n                                    <td valign=\"top\" style=\"padding:9px\" class=\"mcnImageBlockInner\">\n                                        <table align=\"left\" width=\"100%\" border=\"0\" cellpadding=\"0\" cellspacing=\"0\"\n                                               class=\"mcnImageContentContainer\" style=\"min-width:100%;\">\n                                            <tbody>\n                                            <tr>\n                                                <td class=\"mcnImageContent\" valign=\"top\"\n                                                    style=\"padding-right: 9px; padding-left: 9px; padding-top: 0; padding-bottom: 0;\">\n\n\n                                                    <img align=\"left\" alt=\"RUN\"\n                                                         src=\"http://127.0.0.1:5678/apps/accountantconnect/images/email/runlogo.png\"\n                                                         width=\"132\"\n                                                         style=\"max-width:132px; padding-bottom: 0; display: inline !important; vertical-align: bottom;\"\n                                                         class=\"mcnImage\">\n\n\n                                                </td>\n                                            </tr>\n                                            </tbody>\n                                        </table>\n                                    </td>\n                                </tr>\n                                </tbody>\n                            </table>\n                        </td>\n                    </tr>\n                    <tr>\n                        <td valign=\"top\" id=\"templateHeader\">\n                            <table border=\"0\" cellpadding=\"0\" cellspacing=\"0\" width=\"100%\" class=\"mcnImageBlock\" style=\"min-width:100%;\">\n                                <tbody class=\"mcnImageBlockOuter\">\n                                <tr>\n                                    <td valign=\"top\" style=\"padding:0px\" class=\"mcnImageBlockInner\">\n                                        <table align=\"left\" width=\"100%\" border=\"0\" cellpadding=\"0\" cellspacing=\"0\"\n                                               class=\"mcnImageContentContainer\" style=\"min-width:100%;\">\n                                            <tbody>\n                                            <tr>\n                                                <td class=\"mcnImageContent\" valign=\"top\"\n                                                    style=\"padding-right: 0px; padding-left: 0px; padding-top: 0; padding-bottom: 0; text-align:center;\">\n\n                                                    <img align=\"center\" alt=\"\"\n                                                         src=\"http://127.0.0.1:5678/apps/accountantconnect/images/email/blueconfetti650.png\"\n                                                         width=\"600\"\n                                                         style=\"max-width:650px; padding-bottom: 0; display: inline !important; vertical-align: bottom;\"\n                                                         class=\"mcnImage\">\n                                                </td>\n                                            </tr>\n                                            </tbody>\n                                        </table>\n                                    </td>\n                                </tr>\n                                </tbody>\n                            </table>\n                        </td>\n                    </tr>\n                    <tr>\n                        <td valign=\"top\" id=\"templateBody\">\n                            <table border=\"0\" cellpadding=\"0\" cellspacing=\"0\" width=\"100%\" class=\"mcnTextBlock\" style=\"min-width:100%;\">\n                                <tbody class=\"mcnTextBlockOuter\">\n                                <tr>\n                                    <td valign=\"top\" class=\"mcnTextBlockInner\" style=\"padding-top:9px;\">\n                                        <!--[if mso]>\n                                        <table align=\"left\" border=\"0\" cellspacing=\"0\" cellpadding=\"0\" width=\"100%\" style=\"width:100%;\">\n                                            <tr>\n                                        <![endif]-->\n\n                                        <!--[if mso]>\n                                        <td valign=\"top\" width=\"600\" style=\"width:600px;\">\n                                        <![endif]-->\n                                        <table align=\"left\" border=\"0\" cellpadding=\"0\" cellspacing=\"0\"\n                                               style=\"max-width:100%; min-width:100%;\" width=\"100%\" class=\"mcnTextContentContainer\">\n                                            <tbody>\n                                            <tr>\n\n                                                <td valign=\"top\" class=\"mcnTextContent\" style=\"padding: 0px 40px 9px; line-height: 150%;\">\n\n                                                    \n\n                                                    <span style=\"font-size:18px\"><strong>Invitation from your Accountant to connect</strong></span><br>\n                                                    <br>\n                                                    <strong>Demo User</strong> from <strong>CPA Sample Firm</strong> has asked us for\n                                                    access to your data in RUN Powered by ADP®. By accepting, it will be possible for your\n                                                    accounting firm to get direct access to your payroll reports and tax forms, saving you\n                                                    time and helping them better support your business.\n                                                </td>\n                                            </tr>\n                                            </tbody>\n                                        </table>\n                                        <!--[if mso]>\n                                        </td>\n                                        <![endif]-->\n\n                                        <!--[if mso]>\n                                        </tr>\n                                        </table>\n                                        <![endif]-->\n                                    </td>\n                                </tr>\n                                </tbody>\n                            </table>\n                            <table border=\"0\" cellpadding=\"0\" cellspacing=\"0\" width=\"100%\" class=\"mcnBoxedTextBlock\"\n       style=\"min-width:100%;\">\n    <!--[if gte mso 9]>\n    <table align=\"center\" border=\"0\" cellspacing=\"0\" cellpadding=\"0\" width=\"100%\">\n    <![endif]-->\n    <tbody class=\"mcnBoxedTextBlockOuter\">\n    <tr>\n        <td valign=\"top\" class=\"mcnBoxedTextBlockInner\">\n\n            <!--[if gte mso 9]>\n            <td align=\"center\" valign=\"top\" \">\n            <![endif]-->\n            <table align=\"left\" border=\"0\" cellpadding=\"0\" cellspacing=\"0\" width=\"100%\" style=\"min-width:100%;\"\n                   class=\"mcnBoxedTextContentContainer\">\n                <tbody>\n                <tr>\n\n                    <td style=\"padding-top:9px; padding-left:40px; padding-bottom:9px; padding-right:40px;\">\n\n                        <table border=\"0\" cellpadding=\"18\" cellspacing=\"0\" class=\"mcnTextContentContainer\"\n                               width=\"100%\" style=\"min-width: 100% !important;border: 1px solid #CCCCCC;\">\n                            <tbody>\n                            <tr>\n                                <td valign=\"top\" class=\"mcnTextContent\"\n                                    style=\"font-family: Helvetica; font-weight: normal; text-align: left; padding: 10px;\">\n                                    <div><span style=\"color:#808080\">Message from Demo User</span><br>\n                                        <br>\n                                        test\n                                    </div>\n\n                                </td>\n                            </tr>\n                            </tbody>\n                        </table>\n                    </td>\n                </tr>\n                </tbody>\n            </table>\n            <!--[if gte mso 9]>\n            </td>\n            <![endif]-->\n\n            <!--[if gte mso 9]>\n            </tr>\n            </table>\n            <![endif]-->\n        </td>\n    </tr>\n    </tbody>\n</table>\n\n                            <table border=\"0\" cellpadding=\"0\" cellspacing=\"0\" width=\"100%\" class=\"mcnTextBlock\" style=\"min-width:100%;\">\n                                <tbody class=\"mcnTextBlockOuter\">\n                                <tr>\n                                    <td valign=\"top\" class=\"mcnTextBlockInner\" style=\"padding-top:9px;\">\n                                        <!--[if mso]>\n                                        <table align=\"left\" border=\"0\" cellspacing=\"0\" cellpadding=\"0\" width=\"100%\" style=\"width:100%;\">\n                                            <tr>\n                                        <![endif]-->\n\n                                        <!--[if mso]>\n                                        <td valign=\"top\" width=\"600\" style=\"width:600px;\">\n                                        <![endif]-->\n                                        <table align=\"left\" border=\"0\" cellpadding=\"0\" cellspacing=\"0\"\n                                               style=\"max-width:100%; min-width:100%;\" width=\"100%\" class=\"mcnTextContentContainer\">\n                                            <tbody>\n                                            <tr>\n\n                                                <td valign=\"top\" class=\"mcnTextContent\" style=\"padding: 0px 40px 9px; line-height: 150%;\">\n                                                    <br>\n                                                    <span style=\"font-size:18px\"><strong>Requested Access Level</strong></span>\n\n                                                    <ul>\n                                                        <li>Reports</li><li>Tax Forms</li><li>General Ledger</li>\n                                                    </ul>\n\n                                                </td>\n                                            </tr>\n                                            </tbody>\n                                        </table>\n                                        <!--[if mso]>\n                                        </td>\n                                        <![endif]-->\n\n                                        <!--[if mso]>\n                                        </tr>\n                                        </table>\n                                        <![endif]-->\n                                    </td>\n                                </tr>\n                                </tbody>\n                            </table>\n                            <table border=\"0\" cellpadding=\"0\" cellspacing=\"0\" width=\"100%\" class=\"mcnTextBlock\" style=\"min-width:100%;\">\n                                <tbody class=\"mcnTextBlockOuter\">\n                                <tr>\n                                    <td valign=\"top\" class=\"mcnTextBlockInner\" style=\"padding-top:9px;\">\n                                        <!--[if mso]>\n                                        <table align=\"left\" border=\"0\" cellspacing=\"0\" cellpadding=\"0\" width=\"100%\" style=\"width:100%;\">\n                                            <tr>\n                                        <![endif]-->\n\n                                        <!--[if mso]>\n                                        <td valign=\"top\" width=\"600\" style=\"width:600px;\">\n                                        <![endif]-->\n                                        <table align=\"left\" border=\"0\" cellpadding=\"0\" cellspacing=\"0\"\n                                               style=\"max-width:100%; min-width:100%;\" width=\"100%\" class=\"mcnTextContentContainer\">\n                                            <tbody>\n                                            <tr>\n\n                                                <td valign=\"top\" class=\"mcnTextContent\" style=\"padding-top:0; padding-right:40px; padding-bottom:9px; padding-left:40px;\">\n                                                    Please review this request, make any modifications and choose to Accept or Decline. If you don't take action, this request will expire in %expireDay% days.<br><br>\n                                                </td>\n                                            </tr>\n                                            </tbody>\n                                        </table>\n                                        <!--[if mso]>\n                                        </td>\n                                        <![endif]-->\n\n                                        <!--[if mso]>\n                                        </tr>\n                                        </table>\n                                        <![endif]-->\n                                    </td>\n                                </tr>\n                                </tbody>\n                            </table>\n                            <table border=\"0\" cellpadding=\"0\" cellspacing=\"0\" width=\"100%\" class=\"mcnButtonBlock\" style=\"min-width:100%;\">\n                                <tbody class=\"mcnButtonBlockOuter\">\n                                <tr>\n                                    <td style=\"padding-top:0; padding-right:40px; padding-bottom:18px; padding-left:40px;\" valign=\"top\"\n                                        align=\"left\" class=\"mcnButtonBlockInner\">\n                                        <table border=\"0\" cellpadding=\"0\" cellspacing=\"0\" class=\"mcnButtonContentContainer\"\n                                               style=\"border-collapse: separate !important;border-radius: 0px;background-color: #3A9331;\">\n                                            <tbody>\n                                            <tr>\n                                                <td align=\"center\" valign=\"middle\" class=\"mcnButtonContent\"\n                                                    style=\"font-family: Arial; font-size: 16px; padding: 10px;\">\n                                                    <a class=\"mcnButton \" title=\"Sign In to RUN\" href=\"/login?dev=run/enrollment.aspx?accessrequest=%invitationID%\" target=\"_blank\"\n                                                       style=\"font-weight: normal;letter-spacing: normal;line-height: 100%;text-align: center;text-decoration: none;color: #FFFFFF;\">Sign In to RUN</a>\n                                                </td>\n                                            </tr>\n                                            </tbody>\n                                        </table>\n                                    </td>\n                                </tr>\n                                </tbody>\n                            </table>\n                            <table border=\"0\" cellpadding=\"0\" cellspacing=\"0\" width=\"100%\" class=\"mcnTextBlock\" style=\"min-width:100%;\">\n                                <tbody class=\"mcnTextBlockOuter\">\n                                <tr>\n                                    <td valign=\"top\" class=\"mcnTextBlockInner\" style=\"padding-top:9px;\">\n                                        <!--[if mso]>\n                                        <table align=\"left\" border=\"0\" cellspacing=\"0\" cellpadding=\"0\" width=\"100%\" style=\"width:100%;\">\n                                            <tr>\n                                        <![endif]-->\n\n                                        <!--[if mso]>\n                                        <td valign=\"top\" width=\"600\" style=\"width:600px;\">\n                                        <![endif]-->\n                                        <table align=\"left\" border=\"0\" cellpadding=\"0\" cellspacing=\"0\"\n                                               style=\"max-width:100%; min-width:100%;\" width=\"100%\" class=\"mcnTextContentContainer\">\n                                            <tbody>\n                                            <tr>\n\n                                                <td valign=\"top\" class=\"mcnTextContent\"\n                                                    style=\"padding: 0px 40px 9px;color: #666666;line-height: 125%;\">\n\n                                                    <br>\n                                                    If you have any questions about this request, please contact support at&nbsp;<strong>1-866-989-0196</strong><br>\n                                                    Please do not respond to this email. It comes from an unattended mailbox.\n                                                </td>\n                                            </tr>\n                                            </tbody>\n                                        </table>\n                                        <!--[if mso]>\n                                        </td>\n                                        <![endif]-->\n\n                                        <!--[if mso]>\n                                        </tr>\n                                        </table>\n                                        <![endif]-->\n                                    </td>\n                                </tr>\n                                </tbody>\n                            </table>\n                        </td>\n                    </tr>\n                    <tr>\n                        <td valign=\"top\" id=\"templateFooter\">\n                            <table border=\"0\" cellpadding=\"0\" cellspacing=\"0\" width=\"100%\" class=\"mcnTextBlock\" style=\"min-width:100%;\">\n                                <tbody class=\"mcnTextBlockOuter\">\n                                <tr>\n                                    <td valign=\"top\" class=\"mcnTextBlockInner\" style=\"padding-top:9px;\">\n                                        <!--[if mso]>\n                                        <table align=\"left\" border=\"0\" cellspacing=\"0\" cellpadding=\"0\" width=\"100%\" style=\"width:100%;\">\n                                            <tr>\n                                        <![endif]-->\n\n                                        <!--[if mso]>\n                                        <td valign=\"top\" width=\"600\" style=\"width:600px;\">\n                                        <![endif]-->\n                                        <table align=\"left\" border=\"0\" cellpadding=\"0\" cellspacing=\"0\"\n                                               style=\"max-width:100%; min-width:100%;\" width=\"100%\" class=\"mcnTextContentContainer\">\n                                            <tbody>\n                                            <tr>\n\n                                                <td valign=\"top\" class=\"mcnTextContent\"\n                                                    style=\"padding: 0px 18px 9px;color: #999999;line-height: 125%;text-align: left;\">\n\n                                                    © 2016-2017 Copyright ADP, LLC. ALL RIGHTS RESERVED. ADP, the ADP Logo and RUN Powered by ADP\n                                                    are registered trademarks, and ADP A more human resource. is a service mark, of ADP,\n                                                    LLC.\n                                                </td>\n                                            </tr>\n                                            </tbody>\n                                        </table>\n                                        <!--[if mso]>\n                                        </td>\n                                        <![endif]-->\n\n                                        <!--[if mso]>\n                                        </tr>\n                                        </table>\n                                        <![endif]-->\n                                    </td>\n                                </tr>\n                                </tbody>\n                            </table>\n                        </td>\n                    </tr>\n                </table>\n                <!--[if gte mso 9]>\n                </td>\n                </tr>\n                </table>\n                <![endif]-->\n                <!-- // END TEMPLATE -->\n            </td>\n        </tr>\n    </table>\n</center>\n</body>\n</html>\n",
      "subject" : "Access Request from CPA Sample Firm"
    },
    "invitationStatusCode" : {
      "codeValue" : "open"
    },
    "statusDetailCode": {
      "codeValue" : null
    },
    "grantedAccessPermissions" : {},
    "requestedAccessPermissions" : {
      "payrollReports" : true,
      "payrollApprove" : false,
      "taxFormsView" : true,
      "generalLedger" : true
    },
    "client" : {
      "iid" : "12345678",
      "recipients" : "someone@somewhere.com"
    },
    "firm" : {
      "organizationOID" : "G3E1YK2CJPWBE19B",
      "legalNameAtTimeOfRequest" : null,
      "iid" : "78942123",
      "state" : "NY",
      "serviceRegion" : "ABC"
    }
  }
}